{"cameraMode":{"drawMode":0,"name":"Shaded","section":"Shading Mode"},"sceneLighting":false,"audioPlay":false,"sceneViewState":{"m_AlwaysRefresh":false,"showFog":true,"showSkybox":false,"showFlares":true,"showImageEffects":true,"showParticleSystems":true,"showVisualEffectGraphs":true,"m_FxEnabled":true},"in2DMode":false,"pivot":{"x":40.060001373291019,"y":0.4601832330226898,"z":0.11400389671325684},"rotation":{"x":0.000047358651499962434,"y":0.9991933703422546,"z":0.04017982631921768,"w":-0.001197950798086822},"size":2.889002561569214,"orthographic":false}